{
  "main": {
    "id": "f5181e73e6a0c077",
    "type": "split",
    "children": [
      {
        "id": "f5be33c148aa8e69",
        "type": "tabs",
        "children": [
          {
            "id": "073872469b3671ab",
            "type": "leaf",
            "state": {
              "type": "empty",
              "state": {}
            }
          },
          {
            "id": "697ce580d52d61af",
            "type": "leaf",
            "state": {
              "type": "markdown",
              "state": {
                "file": "What is H.A.I (Human+Artificial Intelligence).md",
                "mode": "source",
                "source": false
              }
            }
          },
          {
            "id": "46ebb7aca11bbe19",
            "type": "leaf",
            "state": {
              "type": "markdown",
              "state": {
                "file": "Human Intelligence.md",
                "mode": "source",
                "source": false
              }
            }
          }
        ],
        "currentTab": 2
      }
    ],
    "direction": "vertical"
  },
  "left": {
    "id": "71cd13ae875cd9c6",
    "type": "split",
    "children": [
      {
        "id": "f15f9efa33fe3566",
        "type": "tabs",
        "children": [
          {
            "id": "70d3a754396cc19f",
            "type": "leaf",
            "state": {
              "type": "file-explorer",
              "state": {
                "sortOrder": "alphabetical"
              }
            }
          },
          {
            "id": "d15c8edac1a4446d",
            "type": "leaf",
            "state": {
              "type": "search",
              "state": {
                "query": "",
                "matchingCase": false,
                "explainSearch": false,
                "collapseAll": false,
                "extraContext": false,
                "sortOrder": "alphabetical"
              }
            }
          },
          {
            "id": "2505a42f5983c501",
            "type": "leaf",
            "state": {
              "type": "bookmarks",
              "state": {}
            }
          }
        ]
      }
    ],
    "direction": "horizontal",
    "width": 300
  },
  "right": {
    "id": "a93bfed9a66291c3",
    "type": "split",
    "children": [
      {
        "id": "01ef9b9ff3eca128",
        "type": "tabs",
        "children": [
          {
            "id": "cdd56026d134e9fc",
            "type": "leaf",
            "state": {
              "type": "backlink",
              "state": {
                "file": "Human Intelligence.md",
                "collapseAll": false,
                "extraContext": false,
                "sortOrder": "alphabetical",
                "showSearch": false,
                "searchQuery": "",
                "backlinkCollapsed": false,
                "unlinkedCollapsed": true
              }
            }
          },
          {
            "id": "01c7150f8c348b6f",
            "type": "leaf",
            "state": {
              "type": "outgoing-link",
              "state": {
                "file": "Human Intelligence.md",
                "linksCollapsed": false,
                "unlinkedCollapsed": true
              }
            }
          },
          {
            "id": "f6b311d2de12f3b6",
            "type": "leaf",
            "state": {
              "type": "tag",
              "state": {
                "sortOrder": "frequency",
                "useHierarchy": true
              }
            }
          },
          {
            "id": "737c44b77e8fc7ea",
            "type": "leaf",
            "state": {
              "type": "outline",
              "state": {
                "file": "Human Intelligence.md"
              }
            }
          }
        ]
      }
    ],
    "direction": "horizontal",
    "width": 300,
    "collapsed": true
  },
  "left-ribbon": {
    "hiddenItems": {
      "obsidian-markbase:Sync all Markbase projects": false,
      "switcher:Open quick switcher": false,
      "graph:Open graph view": false,
      "canvas:Create new canvas": false,
      "daily-notes:Open today's daily note": false,
      "templates:Insert template": false,
      "command-palette:Open command palette": false
    }
  },
  "active": "46ebb7aca11bbe19",
  "lastOpenFiles": [
    "What is H.A.I (Human+Artificial Intelligence).md",
    "Human Intelligence.md",
    "Human intelligence.md",
    "human intelligence.md",
    "Research Questions.md"
  ]
}